BOROUGH,DISTRICT,SCHOOL ID,SCHOOL NAME
M,1,015,P.S. 015 ROBERTO CLEMENTE
M,1,019,P.S. 019 ASHER LEVY
M,1,020,P.S. 020 ANNA SILVER
M,1,034,P.S. 034 FRANKLIN D. ROOSEVELT
M,1,063,P.S. 063 WILLIAM MCKINLEY
M,1,064,P.S. 064 ROBERT SIMON
M,1,110,P.S. 110 FLORENCE NIGHTINGALE
M,1,134,P.S. 134 HENRIETTA SZOLD
M,1,137,P.S. 137 JOHN L. BERNSTEIN
M,1,140,P.S. 140 NATHAN STRAUS
M,1,142,P.S. 142 AMALIA CASTRO
M,1,184,P.S. 184M SHUANG WEN
M,1,188,P.S. 188 THE ISLAND SCHOOL
M,1,292,HENRY STREET SCHOOL FOR INTERNATIONAL ST
M,1,301,TECHNOLOGY ARTS AND SCIENCES STUDIO
M,1,315,THE EAST VILLAGE COMMUNITY SCHOOL
M,1,332,UNIVERSITY NEIGHBORHOOD MIDDLE SCHOOL
M,1,345,COLLABORATIVE ACADEMY OF SCIENCE TECHNOL
M,1,361,CHILDREN'S WORKSHOP SCHOOL
M,1,363,NEIGHBORHOOD SCHOOL
M,1,364,EARTH SCHOOL
M,1,378,SCHOOL FOR GLOBAL LEARNERS
M,1,448,UNIVERSITY NEIGHBORHOOD HIGH SCHOOL
M,1,450,EAST SIDE COMMUNITY HIGH SCHOOL
M,1,509,MARTA VALLE SECONDARY SCHOOL
M,1,515,LOWER EAST SIDE PREPARATORY HIGH SCHOOL
M,1,539,NEW EXPLORATIONS INTO SCIENCE TECHNOLOGY
M,1,650,CASCADES HIGH SCHOOL
M,1,696,BARD HIGH SCHOOL EARLY COLLEGE
M,1,839,TOMPKINS SQUARE MIDDLE SCHOOL
M,2,001,P.S. 001 ALFRED E. SMITH
M,2,002,P.S. 002 MEYER LONDON
M,2,003,P.S. 003 CHARRETTE SCHOOL
M,2,006,P.S. 006 LILLIE D. BLAKE
M,2,011,P.S. 011 WILLIAM T. HARRIS
M,2,033,P.S. 033 CHELSEA PREP
M,2,040,P.S. 040 AUGUSTUS SAINT-GAUDENS
M,2,041,P.S. 041 GREENWICH VILLAGE
M,2,042,P.S. 042 BENJAMIN ALTMAN
M,2,051,P.S. 051 ELIAS HOWE
M,2,059,P.S. 059 BEEKMAN HILL INTERNATIONAL
M,2,077,P.S. 77 LOWER LAB SCHOOL
M,2,089,P.S. 89
M,2,104,J.H.S. 104 SIMON BARUCH
M,2,111,P.S. 111 ADOLPH S. OCHS
M,2,114,EAST SIDE MIDDLE SCHOOL
M,2,116,P.S. 116 MARY LINDLEY MURRAY
M,2,124,P.S. 124 YUNG WING
M,2,126,P.S. 126 JACOB AUGUST RIIS
M,2,130,P.S. 130 HERNANDO DE SOTO
M,2,131,M.S. 131
M,2,150,P.S. 150
M,2,151,Yorkville Community School
M,2,158,P.S. 158 BAYARD TAYLOR
M,2,167,J.H.S. 167 ROBERT F. WAGNER
M,2,183,P.S. 183 ROBERT L. STEVENSON
M,2,198,P.S. 198 ISADOR E. IDA STRAUS
M,2,212,P.S. 212 MIDTOWN WEST
M,2,217,P.S./I.S. 217 ROOSEVELT ISLAND
M,2,225,ELLA BAKER SCHOOL
M,2,234,P.S. 234 INDEPENDENCE SCHOOL
M,2,255,M.S. 255 SALK SCHOOL OF SCIENCE
M,2,260,M.S. 260 CLINTON SCHOOL WRITERS & ARTIST
M,2,276,BATTERY PARK CITY SCHOOL
M,2,288,FOOD AND FINANCE HIGH SCHOOL
M,2,289,I.S. 289
M,2,290,P.S. 290 MANHATTAN NEW SCHOOL
M,2,294,ESSEX STREET ACADEMY
M,2,296,HIGH SCHOOL OF HOSPITALITY MANAGEMENT
M,2,298,PACE HIGH SCHOOL
M,2,300,"URBAN ASSEMBLY SCHOOL OF DESIGN AND CONSTRUCTION,"
M,2,303,THE FACING HISTORY SCHOOL
M,2,305,"URBAN ASSEMBLY ACADEMY OF GOVERNMENT AND LAW, THE"
M,2,308,LOWER MANHATTAN ARTS ACADEMY
M,2,312,NEW YORK CITY LAB MIDDLE SCHOOL FOR COLL
M,2,313,"JAMES BALDWIN SCHOOL, THE: A SCHOOL FOR EXPEDITION"
M,2,316,"URBAN ASSEMBLY SCHOOL OF BUSINESS FOR YOUNG WOMEN,"
M,2,374,GRAMERCY ARTS HIGH SCHOOL
M,2,392,MANHATTAN BUSINESS ACADEMY
M,2,393,BUSINESS OF SPORTS SCHOOL
M,2,394,EMMA LAZARUS HIGH SCHOOL
M,2,397,SPRUCE STREET SCHOOL
M,2,399,THE HIGH SCHOOL FOR LANGUAGE AND DIPLOMACY
M,2,400,HIGH SCHOOL FOR ENVIRONMENTAL STUDIES
M,2,407,INSTITUTE FOR COLLABORATIVE EDUCATION
M,2,408,PROFESSIONAL PERFORMING ARTS HIGH SCHOOL
M,2,411,BARUCH COLLEGE CAMPUS HIGH SCHOOL
M,2,412,NEW YORK CITY LAB SCHOOL FOR COLLABORATIVE STUDIES
M,2,413,SCHOOL OF THE FUTURE HIGH SCHOOL
M,2,414,N.Y.C. MUSEUM SCHOOL
M,2,416,ELEANOR ROOSEVELT HIGH SCHOOL
M,2,418,MILLENNIUM HIGH SCHOOL
M,2,419,LANDMARK HIGH SCHOOL
M,2,420,HIGH SCHOOL FOR HEALTH PROFESSIONS AND HUMAN SERVI
M,2,422,Quest to Learn
M,2,425,LEADERSHIP AND PUBLIC SERVICE HIGH SCHOOL
M,2,429,LEGACY SCHOOL FOR INTEGRATED STUDIES
M,2,439,MANHATTAN VILLAGE ACADEMY
M,2,440,BAYARD RUSTIN EDUCATIONAL COMPLEX
M,2,442,BALLET TECHNICAL NYC PUBLIC SCHOOL FOR D
M,2,449,VANGUARD HIGH SCHOOL
M,2,459,MANHATTAN INTERNATIONAL HIGH SCHOOL
M,2,460,WASHINGTON IRVING HIGH SCHOOL
M,2,475,STUYVESANT HIGH SCHOOL
M,2,489,HIGH SCHOOL OF ECONOMICS AND FINANCE
M,2,500,UNITY CENTER FOR URBAN TECHNOLOGIES
M,2,519,TALENT UNLIMITED HIGH SCHOOL
M,2,520,MURRY BERGTRAUM HIGH SCHOOL FOR BUSINESS CAREERS
M,2,529,JACQUELINE KENNEDY ONASSIS HIGH SCHOOL
M,2,531,REPERTORY COMPANY HIGH SCHOOL FOR THEATRE ARTS
M,2,542,MANHATTAN BRIDGES HIGH SCHOOL
M,2,543,NEW DESIGN HIGH SCHOOL
M,2,544,INDEPENDENCE HIGH SCHOOL
M,2,545,HIGH SCHOOL FOR DUAL LANGUAGE AND ASIAN STUDIES
M,2,550,LIBERTY HIGH SCHOOL ACADEMY FOR NEWCOMERS
M,2,575,MANHATTAN COMPREHENSIVE NIGHT AND DAY HIGH SCHOOL
M,2,580,RICHARD R. GREEN HIGH SCHOOL OF TEACHING
M,2,586,HARVEY MILK HIGH SCHOOL
M,2,600,"HIGH SCHOOL OF FASHION INDUSTRIES, THE"
M,2,605,HUMANITIES PREPARATORY ACADEMY
M,2,615,CHELSEA CAREER AND TECHNICAL EDUCATION HIGH SCHOOL
M,2,620,NORMAN THOMAS HIGH SCHOOL
M,2,625,HIGH SCHOOL OF GRAPHIC COMMUNICATION ARTS
M,2,630,ART AND DESIGN HIGH SCHOOL
M,2,655,LIFE SCIENCES SECONDARY SCHOOL
M,2,690,SCHOOL FOR THE PHYSICAL CITY HIGH SCHOOL
M,2,896,GREENWICH VILLAGE
M,3,009,P.S. 009 SARAH ANDERSON
M,3,044,J.H.S. M044 WILLIAM J. O'SHEA
M,3,054,J.H.S. 054 BOOKER T. WASHINGTON
M,3,075,P.S. 075 EMILY DICKINSON
M,3,076,P.S. 076 A. PHILIP RANDOLPH
M,3,084,P.S. 084 LILLIAN WEBER
M,3,087,P.S. 087 WILLIAM SHERMAN
M,3,145,P.S. 145 THE BLOOMINGDALE SCHOOL
M,3,149,P.S. 149 SOJOURNER TRUTH
M,3,163,P.S. 163 ALFRED E. SMITH
M,3,165,P.S. 165 ROBERT E. SIMON
M,3,166,P.S. 166 THE RICHARD RODGERS SCHOOL OF T
M,3,180,P.S. 180 HUGO NEWMAN
M,3,185,P.S. 185 JOHN M. LANGSTON
M,3,191,P.S. 191 AMSTERDAM
M,3,199,P.S. 199 JESSIE ISADOR STRAUS
M,3,208,P.S. 208 ALAIN L. LOCKE
M,3,241,P.S. 241 FAMILY ACADEMY
M,3,242,P.S. M242 -  GWENDOLYN POWELL BROWN COMP
M,3,243,M.S. 243 CENTER SCHOOL
M,3,245,M.S. M245 THE COMPUTER SCHOOL
M,3,246,M.S. M246 CROSSROADS SCHOOL
M,3,247,M.S. M247 DUAL LANGUAGE MIDDLE SCHOOL
M,3,250,M.S. 250 WEST SIDE COLLABORATIVE MIDDLE 
M,3,256,M.S. 256 ACADEMIC & ATHLETIC EXCELLENCE
M,3,258,M.S. 258 COMMUNITY ACTION SCHOOL
M,3,283,MANHATTAN THEATRE LAB HIGH SCHOOL
M,3,299,"HIGH SCHOOL FOR ARTS, IMAGINATION AND INQUIRY"
M,3,307,"URBAN ASSEMBLY SCHOOL FOR MEDIA STUDIES, THE"
M,3,333,P.S. 333 MANHATTAN SCHOOL FOR CHILDREN
M,3,334,THE ANDERSON SCHOOL
M,3,402,THE URBAN ASSEMBLY SCHOOL FOR GREEN CAREERS
M,3,403,THE GLOBAL LEARNING COLLABORATIVE
M,3,404,INNOVATION DIPLOMA PLUS
M,3,415,WADLEIGH SECONDARY SCHOOL FOR THE PERFOR
M,3,421,WEST PREP ACADEMY
M,3,470,LOUIS D. BRANDEIS HIGH SCHOOL
M,3,479,BEACON HIGH SCHOOL
M,3,485,FIORELLO H. LAGUARDIA HIGH SCHOOL OF MUSIC & ART A
M,3,492,"HIGH SCHOOL FOR LAW, ADVOCACY AND COMMUNITY JUSTIC"
M,3,494,HIGH SCHOOL OF ARTS AND TECHNOLOGY
M,3,505,EDWARD A.REYNOLDS WEST SIDE HIGH  SCHOOL
M,3,541,MANHATTAN / HUNTER SCIENCE HIGH SCHOOL
M,3,859,SPECIAL MUSIC SCHOOL
M,3,860,FREDERICK DOUGLASS ACADEMY II SECONDARY 
M,3,862,MOTT HALL II
M,4,007,P.S. 007 SAMUEL STERN
M,4,012,TAG YOUNG SCHOLARS
M,4,013,J.H.S. 013 JACKIE ROBINSON
M,4,037,RIVER EAST ELEMENTARY
M,4,038,P.S. 38 ROBERTO CLEMENTE
M,4,045,J.H.S. M045 JOHN S. ROBERTS
M,4,050,P.S. 050 VITO MARCANTONIO
M,4,057,JAMES WELDON JOHNSON
M,4,072,P.S. 072
M,4,083,P.S. 083 LUIS MUNOZ RIVERA
M,4,096,P.S. 096 JOSEPH LANZETTA
M,4,101,P.S. 101 ANDREW DRAPER
M,4,102,P.S. 102 JACQUES CARTIER
M,4,108,P.S. 108 ASSEMBLY ANGELO DEL TORO
M,4,112,P.S. 112 JOSE CELSO BARBOSA
M,4,117,TITO PUENTE EDUCATION COMPLEX
M,4,146,P.S. 146 ANN M. SHORT
M,4,155,P.S. 155 WILLIAM PACA
M,4,171,P.S. 171 PATRICK HENRY
M,4,182,THE BILINGUAL BICULTURAL SCHOOL
M,4,206,P.S. 206 JOSE CELSO BABOSA
M,4,224,M.S. 224 MANHATTAN EAST SCHOOL FOR ARTS 
M,4,372,ESPERANZA PREPARATORY ACADEMY
M,4,375,MOSAIC PREPARATORY ACADEMY
M,4,377,RENAISSANCE SCHOOL OF THE ARTS
M,4,381,GLOBAL NEIGHBORHOOD SECONDARY SCHOOL
M,4,406,GLOBAL TECHNOLOGY PREPARATORY
M,4,409,COALITION SCHOOL FOR SOCIAL CHANGE
M,4,435,MANHATTAN CENTER FOR SCIENCE AND MATHEMATICS
M,4,495,PARK EAST HIGH SCHOOL
M,4,555,CENTRAL PARK EAST HIGH SCHOOL
M,4,610,YOUNG WOMEN'S LEADERSHIP SCHOOL
M,4,635,ACADEMY OF ENVIRONMENTAL SCIENCE SECONDA
M,4,680,"HERITAGE SCHOOL, THE"
M,4,695,URBAN PEACE ACADEMY
M,4,825,ISAAC NEWTON J.H.S FOR SCIENCE & MATH
M,4,964,CENTRAL PARK EAST II
M,5,030,P.S. 030 HERNANDEZ/HUGHES
M,5,036,P.S. 036 MARGARET DOUGLAS
M,5,046,P.S. 046 ARTHUR TAPPAN
M,5,092,P.S. 092 MARY MCLEOD BETHUNE
M,5,123,P.S. 123 MAHALIA JACKSON
M,5,125,P.S. 125 RALPH BUNCHE
M,5,129,P.S. 129 JOHN H. FINLEY
M,5,133,P.S. 133 FRED R MOORE
M,5,154,P.S. 154 HARRIET TUBMAN
M,5,161,P.S. 161 PEDRO ALBIZU CAMPOS
M,5,175,P.S. 175 HENRY H GARNET
M,5,194,P.S. 194 COUNTEE CULLEN
M,5,195,I.S. 195 ROBERTO CLEMENTE
M,5,197,P.S. 197 JOHN B. RUSSWURM
M,5,200,P.S. 200- THE JAMES MCCUNE SMITH SCHOOL
M,5,285,HARLEM RENAISSANCE HIGH SCHOOL
M,5,286,I.S. M286 RENAISSANCE MILITARY LEADERSHI
M,5,302,KAPPA IV
M,5,304,MOTT HALL HIGH SCHOOL
M,5,317,KAPPA II
M,5,318,THURGOOD MARSHALL ACADEMY LOWER SCHOOL
M,5,344,ACADEMY OF COLLABORATIVE EDUCATION
M,5,362,COLUMBIA SECONDARY SCHOOL
M,5,367,ACADEMY FOR SOCIAL ACTION: A COLLEGE BOA
M,5,369,URBAN ASSEMBLY SCHOOL FOR THE PERFORMING ARTS
M,5,410,THE URBAN ASSEMBLY INSTITUTE FOR NEW TECHNOLOGIES
M,5,469,CHOIR ACADEMY OF HARLEM
M,5,499,FREDERICK DOUGLASS ACADEMY
M,5,670,THURGOOD MARSHALL ACADEMY FOR LEARNING A
M,5,685,BREAD  &  ROSES INTEGRATED ARTS HIGH SCHOOL
M,5,692,"HIGH SCHOOL FOR MATHEMATICS, SCIENCE AND ENGINEERI"
M,6,004,P.S. 004 DUKE ELLINGTON
M,6,005,P.S. 005 ELLEN LURIE
M,6,008,P.S. 008 LUIS BELLIARD
M,6,018,P.S. 018 PARK TERRACE
M,6,028,P.S. 028 WRIGHT BROTHERS
M,6,048,P.S. 048 P.O. MICHAEL J. BUCZEK
M,6,052,J.H.S. 052 INWOOD
M,6,098,P.S. 098 SHORAC KAPPOCK
M,6,115,P.S. 115 ALEXANDER HUMBOLDT
M,6,128,P.S. 128 AUDUBON
M,6,132,P.S. 132 JUAN PABLO DUARTE
M,6,143,J.H.S. 143 ELEANOR ROOSEVELT
M,6,152,P.S. 152 DYCKMAN VALLEY
M,6,153,P.S. 153 ADAM CLAYTON POWELL
M,6,173,P.S. 173
M,6,178,PROFFESOR JUAN BOSCH PUBLIC SCHOOL
M,6,187,P.S. 187 HUDSON CLIFFS
M,6,189,P.S. 189
M,6,192,P.S. 192 JACOB H. SCHIFF
M,6,210,P.S. 210 - 21ST CENTURY ACADEMY
M,6,218,I.S. 218 SALOME URENA
M,6,223,I.S. 223 MOTT HALL
M,6,278,P.S./I.S. 278
M,6,293,CITY COLLEGE ACADEMY OF THE ARTS
M,6,311,AMISTAD DUAL LANGUAGE SCHOOL
M,6,314,MUSCOTA
M,6,319,M.S. 319 - MARIA TERESA
M,6,321,M.S. 321 - MINERVA
M,6,322,MIDDLE SCHOOL 322
M,6,324,M.S. 324 - PATRIA
M,6,325,P.S. 325
M,6,326,M.S. 326 - WRITERS TODAY & LEADERS TOMOR
M,6,328,M.S. 328 - MANHATTAN MIDDLE SCHOOL FOR S
M,6,346,COMMUNITY HEALTH ACADEMY OF THE HEIGHTS
M,6,348,WASHINGTON HEIGHTS EXPEDITIONARY LEARNIN
M,6,349,HARBOR HEIGHTS
M,6,366,WASHINGTON HEIGHTS ACADEMY
M,6,368,HAMILTON HEIGHTS SCHOOL
M,6,423,High School for Excellence and Innovation
M,6,462,HIGH SCHOOL FOR INTERNATIONAL BUSINESS AND FINANCE
M,6,463,HIGH SCHOOL FOR MEDIA AND COMMUNICATIONS
M,6,467,HIGH SCHOOL FOR LAW AND PUBLIC SERVICE
M,6,468,HIGH SCHOOL FOR HEALTH CAREERS AND SCIENCES
M,6,528,I.S. 528 BEA FULLER RODGERS SCHOOL
M,6,540,A. PHILIP RANDOLPH CAMPUS HIGH SCHOOL
M,6,552,GREGORIO LUPERON HIGH SCHOOL FOR SCIENCE AND MATHE
X,7,001,P.S. 001 COURTLANDT SCHOOL
X,7,005,P.S. 005 PORT MORRIS
X,7,018,P.S. 018 JOHN PETER ZENGER
X,7,025,P.S. 025 BILINGUAL SCHOOL
X,7,029,P.S./M.S. 029 MELROSE SCHOOL
X,7,030,P.S. 030 WILTON
X,7,031,P.S./M.S. 031 THE WILLIAM LLOYD GARRISON
X,7,043,P.S. 043 JONAS BRONCK
X,7,049,P.S. 049 WILLIS AVENUE
X,7,065,P.S. 065 MOTHER HALE ACADEMY
X,7,151,J.H.S. 151 LOU GEHRIG
X,7,154,P.S. 154 JONATHAN D. HYATT
X,7,157,P.S. 157 GROVE HILL
X,7,161,P.S. 161 PONCE DE LEON
X,7,162,J.H.S. 162 LOLA RODRIGUEZ DE TIO
X,7,179,P.S. 179
X,7,203,M.S. 203
X,7,221,SOUTH BRONX PREPARATORY: A COLLEGE BOARD
X,7,223,M.S. 223 THE LABORATORY SCHOOL OF FINANC
X,7,224,P.S. / I.S. 224
X,7,277,P.S. 277
X,7,296,SOUTH BRONX ACADEMY FOR APPLIED MEDIA
X,7,298,ACADEMY OF PUBLIC RELATIONS
X,7,321,CROTONA ACADEMY HIGH SCHOOL
X,7,334,INTERNATIONAL COMMUNITY HIGH SCHOOL
X,7,343,ACADEMY OF APPLIED MATHEMATICS AND TECHN
X,7,369,YOUNG LEADERS ELEMENTARY SCHOOL
X,7,379,JILL CHAIFETZ TRANSFER HIGH SCHOOL
X,7,385,PERFORMANCE SCHOOL
X,7,427,COMMUNITY SCHOOL FOR SOCIAL JUSTICE
X,7,473,MOTT HAVEN VILLAGE PREPARATORY HIGH SCHOOL
X,7,500,HOSTOS-LINCOLN ACADEMY OF SCIENCE
X,7,520,FOREIGN LANGUAGE ACADEMY OF GLOBAL STUDIES
X,7,547,NEW EXPLORERS HIGH SCHOOL
X,7,548,URBAN ASSEMBLY SCHOOL FOR CAREERS IN SPORTS
X,7,551,BRONX ACADEMY OF LETTERS
X,7,600,ALFRED E. SMITH CAREER AND TECHNICAL EDUCATION HIG
X,7,655,SAMUEL GOMPERS CAREER AND TECHNICAL EDUCATION HIGH
X,7,670,HEALTH OPPORTUNITIES HIGH SCHOOL
X,8,014,P.S. X014 SENATOR JOHN CALANDRA
X,8,036,P.S. 036 UNIONPORT
X,8,048,P.S. 048 JOSEPH R. DRAKE
X,8,062,P.S. 062 INOCENSIO CASANOVA
X,8,069,P.S. 069 THE NEW VISION SCHOOL
X,8,071,P.S. 071 ROSE E. SCALA
X,8,072,P.S. 072 DR. WILLIAM DORNEY
X,8,075,P.S. 075
X,8,093,P.S. 093 ALBERT G. OLIVER
X,8,100,P.S. 100 ISSAC CLASON
X,8,101,M.S. X101 EDWARD R. BYRNE
X,8,107,P.S. 107
X,8,119,P.S. 119
X,8,123,J.H.S. 123 JAMES M. KIERAN
X,8,125,J.H.S. 125 HENRY HUDSON
X,8,130,P.S. 130 ABRAM STEVENS HEWITT
X,8,131,J.H.S. 131 ALBERT EINSTEIN
X,8,138,P.S. 138 SAMUEL RANDALL
X,8,140,P.S. 140 EAGLE
X,8,146,P.S. 146 EDWARD COLLINS
X,8,152,P.S. 152 EVERGREEN
X,8,182,P.S. 182
X,8,269,BRONX STUDIO SCHOOL FOR WRITERS AND ARTI
X,8,282,YOUNG WOMEN'S LEADERSHIP SCHOOL BRONX CA
X,8,293,RENAISSANCE HIGH SCHOOL OF MUSICAL THEATER & TECHN
X,8,295,GATEWAY SCHOOL FOR ENVIRONMENTAL RESEARCH AND TECH
X,8,301,M.S. 301 PAUL L. DUNBAR
X,8,302,M.S. 302 LUISA DESSUS CRUZ
X,8,304,P.S. 304 EARLY CHILDHOOD SCHOOL
X,8,305,PABLO NERUDA ACADEMY FOR ARCHITECTURE AND WORLD ST
X,8,312,MILLENNIUM ART ACADEMY
X,8,332,HOLCOMBE L. RUCKER SCHOOL OF COMMUNITY RESEARCH
X,8,333,NEW SCHOOL #1 @ P.S. 60
X,8,335,NEW SCHOOL #2 @ P.S. 60
X,8,337,THE SCHOOL FOR INQUIRY AND SOCIAL JUSTIC
X,8,366,URBAN ASSEMBLY ACADEMY OF CIVIC ENGAGEME
X,8,367,ARCHIMEDES ACADEMY FOR MATH SCIENCE AND 
X,8,371,URBAN INSTITUTE OF MATHEMATICS
X,8,375,THE BRONX MATHEMATICS PREPARATORY SCHOOL
X,8,376,ANTONIA PANTOJA PREPARATORY ACADEMY A CO
X,8,377,BRONX COMMUNITY HIGH SCHOOL
X,8,381,BRONX HAVEN HIGH SCHOOL
X,8,405,HERBERT H. LEHMAN HIGH SCHOOL
X,8,424,THE HUNTS POINT SCHOOL
X,8,448,SOUNDVIEW ACADEMY FOR CULTURE AND SCHOLARSHIP
X,8,467,MOTT HALL COMMUNITY SCHOOL
X,8,519,FELISA RINCON DE GAUTIER INSTITUTE FOR LAW AND PUB
X,8,530,BANANA KELLY HIGH SCHOOL
X,8,540,SCHOOL FOR COMMUNITY RESEARCH AND LEARNING
X,8,560,HIGH SCHOOL X560 - BRONX ACADEMY HIGH SCHOOL
X,8,650,JANE ADDAMS HIGH SCHOOL FOR ACADEMIC CAREERS
X,9,002,P.S. 002 MORRISANIA
X,9,004,P.S./M.S. 004 CROTONA PARK WEST
X,9,011,P.S. 011 HIGHBRIDGE
X,9,022,J.H.S. 022 JORDAN L. MOTT
X,9,028,P.S. 028 MOUNT HOPE
X,9,035,P.S. 035 FRANZ SIEGEL
X,9,042,P.S. 042 CLAREMONT
X,9,053,P.S. 053 BASHEER QUISIM
X,9,055,P.S. 055 BENJAMIN FRANKLIN
X,9,058,P.S. 058
X,9,063,P.S. 063 AUTHOR'S ACADEMY
X,9,064,P.S. 064 PURA BELPRE
X,9,070,P.S. 070 MAX SCHOENFELD
X,9,073,P.S. 073 BRONX
X,9,088,P.S. X088 - S. SILVERSTEIN LITTLE SCHOOL
X,9,090,P.S. 090 GEORGE MEANY
X,9,109,P.S. 109 SEDGWICK
X,9,110,P.S. 110 THEODORE SCHOENFELD
X,9,114,P.S. X114 - LUIS LLORENS TORRES SCHOOLS
X,9,117,I.S. 117 JOSEPH H. WADE
X,9,126,P.S. 126 DR MARJORIE H DUNBAR
X,9,128,MOTT HALL III
X,9,132,P.S. 132 GARRET A. MORGAN
X,9,145,J.H.S. 145 ARTURO TOSCANINNI
X,9,163,P.S. 163 ARTHUR A. SCHOMBURG
X,9,166,J.H.S. 166 ROBERTO CLEMENTE
X,9,170,P.S. 170
X,9,199,P.S. X199 - THE SHAKESPEARE SCHOOL
X,9,204,P.S. 204 MORRIS HEIGHTS
X,9,215,KAPPA
X,9,218,P.S./I.S. 218 R HERNANDEZ DUAL LANG
X,9,219,I.S. 219 NEW VENTURE SCHOOL
X,9,227,BRONX EXPEDITIONARY LEARNING HIGH SCHOOL
X,9,229,I.S. 229 ROLAND PATTERSON
X,9,230,P.S. 230 DR ROLAND N. PATTERSON
X,9,231,EAGLE ACADEMY FOR YOUNG MEN
X,9,232,I.S. 232
X,9,236,P.S. 236 LANGSTON HUGHES
X,9,239,URBAN ASSEMBLY ACADEMY FOR HISTORY AND CITIZENSHIP
X,9,241,URBAN ASSEMBLY SCHOOL FOR APPLIED MATH A
X,9,250,EXIMIUS COLLEGE PREPARATORY ACADEMY: A C
X,9,252,MOTT HALL BRONX HIGH SCHOOL
X,9,260,BRONX CENTER FOR SCIENCE AND MATHEMATICS
X,9,263,VALIDUS PREPARATORY ACADEMY: AN EXPEDITIONARY LEAR
X,9,276,LEADERSHIP INSTITUTE
X,9,297,MORRIS ACADEMY FOR COLLABORATIVE STUDIES
X,9,303,I.S. X303 LEADERSHIP & COMMUNITY SERVICE
X,9,313,I.S. 313 SCHOOL OF LEADERSHIP DEVELOPMEN
X,9,323,BRONX WRITING ACADEMY
X,9,324,BRONX EARLY COLLEGE ACADEMY FOR TEACHING
X,9,325,URBAN SCIENCE ACADEMY
X,9,327,COMPREHENSIVE MODEL SCHOOL PROJECT M.S. 
X,9,328,NEW MILLENNIUM BUSINESS ACADEMY MIDDLE S
X,9,329,DREAMYARD PREPARATORY SCHOOL
X,9,339,I.S. 339
X,9,365,ACADEMY FOR LANGUAGE AND TECHNOLOGY
X,9,403,BRONX INTERNATIONAL HIGH SCHOOL
X,9,404,SCHOOL FOR EXCELLENCE
X,9,412,BRONX HIGH SCHOOL OF BUSINESS
X,9,413,BRONX HIGH SCHOOL FOR MEDICAL SCIENCE
X,9,414,JONATHAN LEVIN HIGH SCHOOL FOR MEDIA AND COMMUNICA
X,9,443,THE FAMILY SCHOOL
X,9,449,GRANT AVENUE ELEMENTARY SCHOOL
X,9,454,SCIENCE AND TECHNOLOGY ACADEMY: A MOTT HALL SCHOOL
X,9,457,SHERIDAN ACADEMY FOR YOUNG LEADERS
X,9,505,BRONX SCHOOL FOR LAW GOVERNMENT AND JUST
X,9,517,FREDERICK DOUGLASS ACADEMY III SECONDARY
X,9,525,BRONX LEADERSHIP ACADEMY HIGH SCHOOL
X,9,527,BRONX LEADERSHIP ACADEMY II HIGH SCHOOL
X,9,543,HIGH SCHOOL FOR VIOLIN AND DANCE
X,10,003,P.S. 3 RAUL JULIA MICRO SOCIETY
X,10,007,P.S. 007 KINGSBRIDGE
X,10,008,P.S. 008 ISSAC VARIAN
X,10,009,RYER AVENUE ELEMENTARY SCHOOL
X,10,015,P.S. X015 INSTITUTE FOR ENVIRONMENTAL LE
X,10,020,P.S. 20 P.O.GEORGE J. WERDAN III
X,10,023,P.S. 023 THE NEW CHILDREN'S SCHOOL
X,10,024,P.S. 024 SPUYTEN DUYVIL
X,10,032,P.S. 032 BELMONT
X,10,033,P.S. 033 TIMOTHY DWIGHT
X,10,037,P.S. X037 - MULTIPLE INTELLIGENCE SCHOOL
X,10,045,J.H.S. 045 THOMAS C. GIORDANO
X,10,046,P.S. 046 EDGAR ALLAN POE
X,10,051,P.S. 051 BRONX NEW SCHOOL
X,10,054,P.S. / I.S. 54
X,10,056,P.S. 056 NORWOOD HEIGHTS
X,10,059,P.S. 059 THE COMMUNITY SCHOOL OF TECHNOL
X,10,079,P.S. 079 CRESTON
X,10,080,J.H.S. 080 THE MOSHOLU PARKWAY
X,10,081,P.S. 081 ROBERT J. CHRISTEN
X,10,085,P.S. 085 GREAT EXPECTATIONS
X,10,086,P.S. 086 KINGSBRIDGE HEIGHTS
X,10,091,P.S. 091 BRONX
X,10,094,P.S. 094 KINGS COLLEGE SCHOOL
X,10,095,P.S. 095 SHEILA MENCHER
X,10,118,J.H.S. 118 WILLIAM W. NILES
X,10,141,RIVERDALE / KINGSBRIDGE ACADEMY (M.S. / 
X,10,159,P.S. 159 LUIS MUNOZ MARIN BILING
X,10,205,P.S. 205 FIORELLO LAGUARDIA
X,10,206,I.S. 206 ANN MERSEREAU
X,10,207,P.S. 207
X,10,209,P.S. 209
X,10,213,BRONX ENGINEERING AND TECHNOLOGY ACADEMY
X,10,225,THEATRE ARTS PRODUCTION COMPANY SCHOOL
X,10,226,P.S. 226
X,10,228,JONAS BRONCK ACADEMY
X,10,237,MARIE CURIE HIGH SCHOOL FOR NURSING MEDI
X,10,243,WEST BRONX ACADEMY FOR THE FUTURE
X,10,244,THE NEW SCHOOL FOR LEADERSHIP AND JOURNA
X,10,246,P.S. 246 POE CENTER
X,10,254,I.S. 254
X,10,268,KINGSBRIDGE INTERNATIONAL HIGH SCHOOL
X,10,279,P.S. 279 CAPTAIN MANUEL RIVERA JR.
X,10,280,P.S. 280 MOSHOLU PARKWAY
X,10,284,BRONX SCHOOL OF LAW AND FINANCE
X,10,291,P.S. 291
X,10,306,P.S. 306
X,10,307,P.S. X307 - EAMES PLACE
X,10,308,BRONX DANCE ACADEMY SCHOOL
X,10,310,P.S. 310 MARBLE HILL
X,10,315,P.S. 315 LAB SCHOOL
X,10,319,PROVIDING URBAN LEARNERS SUCCESS IN EDUCATION HIGH
X,10,331,THE BRONX SCHOOL OF SCIENCE INQUIRY AND 
X,10,340,P.S. 340
X,10,342,INTERNATIONAL SCHOOL FOR LIBERAL ARTS
X,10,344,AMPARK NEIGHBORHOOD
X,10,360,P.S. 360
X,10,368,IN-TECH ACADEMY (M.S. / HIGH SCHOOL 368)
X,10,374,KNOWLEDGE AND POWER PREPARATORY ACADEMY INTERNATIO
X,10,382,"ELEMENTARY SCHOOL FOR MATH, SCIENCE & TECHNOLOGY"
X,10,386,SCHOOL FOR ENVIRONMENTAL CITIZENSHIP
X,10,390,M.S. 390
X,10,391,M.S. 391
X,10,396,P.S. 396
X,10,397,ENGLISH LANGUAGE LEARNERS AND LEADERS
X,10,399,M.S. 399
X,10,433,HIGH SCHOOL FOR TEACHING AND THE PROFESSIONS
X,10,434,BELMONT PREPARATORY HIGH SCHOOL
X,10,437,FORDHAM HIGH SCHOOL FOR THE ARTS
X,10,438,FORDHAM LEADERSHIP ACADEMY FOR BUSINESS AND TECHNO
X,10,439,BRONX HIGH SCHOOL FOR LAW AND COMMUNITY SERVICE
X,10,440,DEWITT CLINTON HIGH SCHOOL
X,10,442,"CELIA CRUZ BRONX HIGH SCHOOL OF MUSIC, THE"
X,10,445,BRONX HIGH SCHOOL OF SCIENCE
X,10,447,CRESTON ACADEMY
X,10,459,EAST FORDHAM ACADEMY FOR THE ARTS
X,10,475,JOHN F. KENNEDY HIGH SCHOOL
X,10,477,MARBLE HILL HIGH SCHOOL FOR INTERNATIONAL STUDIES
X,10,495,UNIVERSITY HEIGHTS SECONDARY SCHOOL AT BRONX COMMU
X,10,546,BRONX THEATRE HIGH SCHOOL
X,10,549,DISCOVERY HIGH SCHOOL
X,10,660,GRACE DODGE CAREER AND TECHNICAL EDUCATION HIGH SC
X,10,696,HIGH SCHOOL OF AMERICAN STUDIES AT LEHMAN COLLEGE
X,11,016,P.S. 016 WAKEFIELD
X,11,019,P.S. 019 JUDITH K. WEISS
X,11,021,P.S. 021 PHILLIP H. SHERIDAN
X,11,041,P.S. 041 GUN HILL ROAD
X,11,068,P.S. 068 BRONX
X,11,076,P.S. 076 THE BENNINGTON SCHOOL
X,11,078,P.S. 078 ANNE HUTCHINSON
X,11,083,P.S. 083 DONALD HERTZ
X,11,087,P.S. 087 BRONX
X,11,089,P.S. 089 BRONX
X,11,096,P.S. 096 RICHARD RODGERS
X,11,097,P.S. 097 BRONX
X,11,103,P.S. 103 HECTOR FONTANEZ
X,11,105,P.S. 105 SEN ABRAHAM BERNSTEIN
X,11,106,P.S. 106 PARKCHESTER
X,11,108,P.S. 108 PHILIP J. ABINANTI
X,11,111,P.S. 111 SETON FALLS
X,11,112,P.S. 112 BRONXWOOD
X,11,121,P.S. 121 THROOP
X,11,127,J.H.S. 127 THE CASTLE HILL
X,11,142,J.H.S. 142 JOHN PHILIP SOUSA
X,11,144,J.H.S. 144 MICHELANGELO
X,11,153,P.S. 153 HELLEN KELLER
X,11,160,P.S. 160 WALT DISNEY
X,11,169,BAYCHESTER ACADEMY
X,11,175,P.S. 175 CITY ISLAND
X,11,178,P.S. 178 - DR. SELMAN WAXMAN
X,11,180,I.S. 180 DANIEL HALE WILLIAMS
X,11,181,I.S. 181 PABLO CASALS
X,11,189,CORNERSTONE ACADEMY FOR SOCIAL ACTION
X,11,194,P.S./I.S. 194
X,11,249,BRONX HEALTH SCIENCES HIGH SCHOOL
X,11,253,BRONX HIGH SCHOOL FOR WRITING AND COMMUNICATION AR
X,11,265,BRONX LAB SCHOOL
X,11,270,ACADEMY FOR SCHOLARSHIP AND ENTREPRENEUR
X,11,272,GLOBE SCHOOL FOR ENVIRONMENTAL RESEARCH
X,11,275,HIGH SCHOOL OF COMPUTERS AND TECHNOLOGY
X,11,287,THE FORWARD SCHOOL
X,11,288,COLLEGIATE INSTITUTE FOR MATH AND SCIENCE
X,11,289,THE YOUNG SCHOLARS ACADEMY OF THE BRONX
X,11,290,BRONX ACADEMY OF HEALTH CAREERS
X,11,299,ASTOR COLLEGIATE ACADEMY
X,11,322,ASPIRE PREPARATORY SCHOOL
X,11,326,BRONX GREEN MIDDLE SCHOOL
X,11,370,SCHOOL OF DIPLOMACY
X,11,415,CHRISTOPHER COLUMBUS HIGH SCHOOL
X,11,418,BRONX HIGH SCHOOL FOR THE VISUAL ARTS
X,11,455,HARRY S. TRUMAN HIGH SCHOOL
X,11,462,CORNERSTONE ACADEMY FOR SOCIAL ACTION MIDDLE SCHOOL (CASA)
X,11,468,PELHAM ACADEMY OF ACADEMICS AND COMMUNITY ENGAGEMENT
X,11,513,NEW WORLD HIGH SCHOOL
X,11,514,SPORTS PROFESSIONS HIGH SCHOOL
X,11,541,GLOBAL ENTERPRISE HIGH SCHOOL
X,11,542,PELHAM PREPARATORY ACADEMY
X,11,544,HIGH SCHOOL FOR CONTEMPORARY ARTS
X,11,545,BRONX AEROSPACE HIGH SCHOOL
X,12,006,P.S. 006 WEST FARMS
X,12,044,P.S. 044 DAVID C. FARRAGUT
X,12,047,P.S. 047 JOHN RANDOLPH
X,12,050,P.S. 050 CLARA BARTON
X,12,057,P.S. 057 CRESCENT
X,12,061,P.S. 061 FRANCISCO OLLER
X,12,066,P.S. 066 SCHOOL OF HIGHER EXPECTATIONS
X,12,067,P.S. 067 MOHEGAN SCHOOL
X,12,092,P.S. 092 BRONX
X,12,098,J.H.S. 098 HERMAN RIDDER
X,12,102,P.S. 102 JOSEPH O. LORETAN
X,12,129,P.S. 129 TWIN PARKS UPPER
X,12,134,P.S. 134 GEORGE F. BRISTOW
X,12,150,P.S. 150 CHARLES JAMES FOX
X,12,190,I.S. 190
X,12,195,P.S. 195
X,12,196,P.S. 196
X,12,197,P.S. 197
X,12,198,P.S. 198
X,12,211,P.S. 211
X,12,212,P.S. 212
X,12,214,P.S. 214
X,12,216,BUSINESS SCHOOL FOR ENTREPRENEURIAL STUD
X,12,217,SCHOOL OF PERFORMING ARTS
X,12,242,MOTT HALL V
X,12,245,NEW DAY ACADEMY
X,12,248,"METROPOLITAN HIGH SCHOOL, THE"
X,12,251,EXPLORATIONS ACADEMY
X,12,262,BRONX HIGH SCHOOL FOR PERFORMANCE AND STAGECRAFT
X,12,267,BRONX LATIN
X,12,271,EAST BRONX ACADEMY FOR THE FUTURE
X,12,273,FREDERICK DOUGLASS ACADEMY V. MIDDLE SCH
X,12,278,PEACE AND DIVERSITY ACADEMY
X,12,286,FANNIE LOU HAMER MIDDLE SCHOOL
X,12,300,THE SCHOOL OF SCIENCE AND APPLIED LEARNI
X,12,316,KAPPA III
X,12,318,I.S. X318 MATH SCIENCE & TECHNOLOGY THRO
X,12,341,ACCION ACADEMY
X,12,372,URBAN ASSEMBLY SCHOOL FOR WILDLIFE CONSE
X,12,383,EMOLIOR ACADEMY
X,12,384,ENTRADA ACADEMY
X,12,388,PAN AMERICAN INTERNATIONAL HIGH SCHOOL AT MONROE
X,12,463,URBAN SCHOLARS COMMUNITY SCHOOL
X,12,478,THE CINEMA SCHOOL
X,12,479,BRONX CAREER AND COLLEGE PREPARATORY HIGH SCHOOL
X,12,480,BRONX REGIONAL HIGH SCHOOL
X,12,550,HIGH SCHOOL OF WORLD CULTURES
X,12,680,BRONX COALITION COMMUNITY HIGH SCHOOL
X,12,682,FANNIE LOU HAMER FREEDOM HIGH SCHOOL
X,12,684,WINGS ACADEMY
X,12,690,MONROE ACADEMY FOR BUSINESS/LAW
X,12,691,BRONX LITTLE SCHOOL
X,12,692,MONROE ACADEMY FOR VISUAL ARTS & DESIGN
K,13,003,P.S. 003 THE BEDFORD VILLAGE
K,13,008,P.S. 008 ROBERT FULTON
K,13,009,P.S. 009 TEUNIS G. BERGEN
K,13,011,P.S. 011 PURVIS J. BEHAN
K,13,020,P.S. 020 CLINTON HILL
K,13,044,P.S. 044 MARCUS GARVEY
K,13,046,P.S. 046 EDWARD C. BLUM
K,13,054,P.S. 054 SAMUEL C. BARNES
K,13,056,P.S. 056 LEWIS H. LATIMER
K,13,067,P.S. 067 CHARLES A. DORSEY
K,13,093,P.S. 093 WILLIAM H. PRESCOTT
K,13,103,SATELLITE THREE
K,13,113,J.H.S. 113/OLD 294 EDMONDS CENTER
K,13,133,P.S. 133 WILLIAM A. BUTLER
K,13,256,P.S. 256 BENJAMIN BANNEKER
K,13,265,DR. SUSAN S. MCKINNEY SECONDARY SCHOOL O
K,13,266,M.S. K266 - PARK PLACE COMMUNITY MIDDLE 
K,13,270,P.S. 270 JOHANN DEKALB
K,13,282,P.S. 282 PARK SLOPE
K,13,287,P.S. 287 BAILEY K. ASHFORD
K,13,301,SATELLITE EAST MIDDLE SCHOOL
K,13,305,P.S. 305 DR. PETER RAY
K,13,307,P.S. 307 DANIEL HALE WILLIAMS
K,13,313,SATELLITE WEST MIDDLE SCHOOL
K,13,336,ACADEMY OF BUSINESS AND COMMUNITY DEVELO
K,13,350,"URBAN ASSEMBLY SCHOOL OF MUSIC AND ART, THE"
K,13,412,"BROOKLYN COMMUNITY HIGH SCHOOL OF COMMUNICATION, ARTS AND MEDIA"
K,13,419,"SCIENCE SKILLS CENTER HIGH SCHOOL FOR SCIENCE, TEC"
K,13,430,BROOKLYN TECHNICAL HIGH SCHOOL
K,13,439,BROOKLYN INTERNATIONAL HIGH SCHOOL
K,13,483,"URBAN ASSEMBLY SCHOOL FOR LAW AND JUSTICE, THE"
K,13,492,URBAN ASSEMBLY ACADEMY OF ARTS AND LETTE
K,13,499,ACORN COMMUNITY HIGH SCHOOL
K,13,509,FREEDOM ACADEMY HIGH SCHOOL
K,13,527,URBAN ASSEMBLY INSTITUTE OF MATH AND SCI
K,13,553,BROOKLYN ACADEMY HIGH SCHOOL
K,13,571,M.S. 571
K,13,575,BEDFORD STUYVESANT PREPARATORY HIGH SCHOOL
K,13,592,KHALIL GIBRAN INTERNATIONAL ACADEMY
K,13,595,BEDFORD ACADEMY HIGH SCHOOL
K,13,596,KNOWLEDGE AND POWER PREPARATORY VII MIDD
K,13,605,GEORGE WESTINGHOUSE CAREER AND TECHNICAL EDUCATION
K,13,616,BROOKLYN HIGH SCHOOL FOR LEADERSHIP AND COMMUNITY SERVICE
K,13,670,BENJAMIN BANNEKER ACADEMY
K,13,674,"CITY POLYTECHNIC HIGH SCHOOL OF ENGINEERING, ARCHITECTURE, AND TECHNOLOGY"
K,14,016,P.S. 016 LEONARD DUNKLY
K,14,017,P.S. 017 HENRY D. WOODWORTH
K,14,018,P.S. 018 EDWARD BUSH
K,14,019,P.S. 019 ROBERTO CLEMENTE
K,14,023,P.S. 023 CARTER C. WOODSON
K,14,031,P.S. 031 SAMUEL F. DUPONT
K,14,034,P.S. 034 OLIVER H. PERRY
K,14,050,J.H.S. 050 JOHN D. WELLS
K,14,059,P.S. 059 WILLIAM FLOYD
K,14,071,JUAN MOREL CAMPUS SECONDARY SCHOOL
K,14,084,P.S. 084 JOSE DE DIEGO
K,14,110,P.S. 110 THE MONITOR
K,14,120,P.S. 120 CARLOS TAPIA
K,14,126,J.H.S. 126 JOHN ERICSSON
K,14,132,P.S. 132 CONSELYA
K,14,147,P.S. 147 ISSAC REMSEN
K,14,157,P.S. 157 BENJAMIN FRANKLIN
K,14,196,P.S. 196 TEN EYCK
K,14,250,P.S. 250 GEORGE H. LINDSAY
K,14,257,P.S. 257 JOHN F. HYLAN
K,14,297,P.S. 297 ABRAHAM STOCKTON
K,14,318,J.H.S. 318 EUGENIO MARIA DE HOSTOS
K,14,319,P.S. 319
K,14,322,FOUNDATIONS ACADEMY
K,14,330,URBAN ASSEMBLY SCHOOL FOR THE URBAN ENVIRONMENT
K,14,380,P.S. 380 JOHN WAYNE ELEMENTARY
K,14,404,ACADEMY FOR YOUNG WRITERS
K,14,449,"BROOKLYN LATIN SCHOOL, THE"
K,14,454,GREEN SCHOOL: AN ACADEMY FOR ENVIRONMENTAL CAREERS
K,14,474,PROGRESS HIGH SCHOOL FOR PROFESSIONAL CAREERS
K,14,477,SCHOOL FOR LEGAL STUDIES
K,14,478,"ENTERPRISE, BUSINESS AND  TECHNOLOGY HIGH SCHOOL"
K,14,488,BROOKLYN PREPARATORY HIGH SCHOOL
K,14,558,WILLIAMSBURG HIGH SCHOOL FOR ARCHITECTURE AND DESI
K,14,561,WILLIAMSBURG PREPARATORY SCHOOL
K,14,577,CONSELYEA PREPARATORY SCHOOL
K,14,582,M.S. 582
K,14,586,LYONS COMMUNITY SCHOOL
K,14,610,AUTOMOTIVE HIGH SCHOOL
K,14,614,YOUNG WOMENâ€™S LEADERSHIP SCHOOL OF BROOKLYN
K,14,632,FRANCES PERKINS ACADEMY
K,14,685,EL PUENTE ACADEMY FOR PEACE AND JUSTICE
K,15,001,P.S. 001 THE BERGEN
K,15,010,MAGNET SCHOOL OF MATH SCIENCE AND DESIGN
K,15,015,P.S. 015 PATRICK F. DALY
K,15,024,P.S. 024
K,15,027,AGNES Y. HUMPHREY SCHOOL FOR LEADERSHIP
K,15,029,P.S. 029 JOHN M. HARRIGAN
K,15,032,P.S. 032 SAMUELS MILLS SPROLE
K,15,038,P.S. 038 THE PACIFIC
K,15,039,P.S. 039 HENRY BRISTOW
K,15,051,M.S. 51 WILLIAM ALEXANDER
K,15,058,P.S. 058 THE CARROLL
K,15,088,J.H.S. 088 PETER ROUGET
K,15,094,P.S. 094 THE HENRY LONGFELLOW
K,15,107,P.S. 107 JOHN W. KIMBALL
K,15,124,P.S. 124 SILAS B. DUTCHER
K,15,130,P.S. 130 THE PARKSIDE
K,15,131,P.S. 131 BROOKLYN
K,15,136,I.S. 136 CHARLES O. DEWEY
K,15,146,P.S. 146
K,15,154,MAGNET SCHOOL FOR SCIENCE & TECHNOLOGY
K,15,169,P.S. 169 SUNSET PARK
K,15,172,P.S. 172 BEACON SCHOOL OF EXCELLENCE
K,15,230,P.S. 230 DORIS L. COHEN
K,15,261,P.S. 261 PHILIP LIVINGSTON
K,15,295,P.S. 295
K,15,321,P.S. 321 WILLIAM PENN
K,15,429,BROOKLYN SCHOOL FOR GLOBAL STUDIES
K,15,442,NEW HORIZONS SCHOOL
K,15,443,NEW VOICES SCHOOL OF ACADEMIC & CREATIVE
K,15,447,THE MATH & SCIENCE EXPLORATORY SCHOOL
K,15,448,BROOKLYN SECONDARY SCHOOL FOR COLLABORAT
K,15,462,SECONDARY SCHOOL FOR LAW
K,15,463,SECONDARY SCHOOL FOR JOURNALISM
K,15,464,SECONDARY SCHOOL FOR RESEARCH
K,15,497,SCHOOL FOR INTERNATIONAL STUDIES
K,15,498,ACORN HIGH SCHOOL FOR SOCIAL JUSTICE
K,15,519,COBBLE HILL SCHOOL OF AMERICAN STUDIES
K,15,520,PACIFIC HIGH SCHOOL
K,15,529,WEST BROOKLYN COMMUNITY HIGH SCHOOL
K,15,530,METROPOLITAN CORPORATE ACADEMY HIGH SCHOOL
K,15,656,BROOKLYN HIGH SCHOOL OF THE ARTS
K,15,667,SUNSET PARK HIGH SCHOOL
K,15,676,RED HOOK NEIGHBORHOOD SCHOOL
K,15,698,SOUTH BROOKLYN COMMUNITY HIGH SCHOOL
K,15,821,SUNSET PARK PREP
K,16,005,P.S. 005 DR. RONALD MCNAIR
K,16,021,P.S. 021 CRISPUS ATTUCKS
K,16,025,P.S. 025 EUBIE BLAKE SCHOOL
K,16,026,P.S. 026 JESSE OWENS
K,16,028,P.S. 028 THE WARREN
K,16,035,P.S. 035 STEPHEN DECATUR
K,16,040,P.S. 040 GEORGE W. CARVER
K,16,057,J.H.S. 057 WHITELAW REID
K,16,081,P.S. 081 THADDEUS STEVENS
K,16,243,P.S. 243 WEEKSVILLE
K,16,262,P.S. 262 EL HAJJ MALIK SHABAZZ
K,16,267,M.S. 267 MATH SCIENCE & TECHNOLOGY
K,16,308,P.S. 308 CLARA CARDWELL
K,16,309,P.S. 309 GEORGE E. WIBECAN
K,16,335,P.S. 335 GRANVILLE T. WOODS
K,16,385,SCHOOL OF BUSINESS FINANCE AND ENTREPREN
K,16,393,FREDERICK DOUGLASS ACADEMY IV SECONDARY 
K,16,455,BOYS AND GIRLS HIGH SCHOOL
K,16,534,UPPER SCHOOL @ P.S. 25
K,16,584,M.S. 584
K,16,627,BRIGHTER CHOICE COMMUNITY SCHOOL
K,16,628,BROOKLYN BROWNSTONE SCHOOL
K,16,636,YOUNG SCHOLARS' ACADEMY FOR DISCOVERY AND EXPLORATION
K,16,688,The Brooklyn Academy of Global Finance
K,17,002,M.S. 002
K,17,006,P.S. 006
K,17,012,P.S. 012
K,17,022,P.S. 022
K,17,061,M.S. 061 GLADSTONE H. ATWELL
K,17,091,P.S. 091 THE ALBANY AVENUE SCHOOL
K,17,092,P.S. 092 ADRIAN HEGEMAN
K,17,138,P.S. 138 BROOKLYN
K,17,161,P.S. 161 THE CROWN
K,17,167,P.S. 167 THE PARKWAY
K,17,181,P.S. 181 BROOKLYN
K,17,189,P.S. 189 LINCOLN TERRACE
K,17,191,P.S. 191 PAUL ROBESON
K,17,221,P.S. 221 TOSSAINT L'OUVERTURE
K,17,241,P.S. 241 EMMA L. JOHNSTON
K,17,246,I.S. 246 WALT WHITMAN
K,17,249,P.S. 249 THE CATON
K,17,289,P.S. 289 GEORGE V. BROWER
K,17,316,P.S. 316 ELIJAH STROUD
K,17,334,MIDDLE SCHOOL FOR ACADEMIC AND SOCIAL EX
K,17,340,I.S. 340
K,17,352,EBBETS FIELD MIDDLE SCHOOL
K,17,353,ELIJAH STROUD MIDDLE SCHOOL
K,17,354,THE SCHOOL OF INTEGRATED LEARNING
K,17,375,P.S. 375 JACKIE-ROBINSON SCHOOL
K,17,382,ACADEMY FOR COLLEGE PREPARATION AND CARE
K,17,394,M.S. K394
K,17,397,P.S. 397 FOSTER-LAURIE
K,17,398,P.S. 398 WALTER WEAVER
K,17,399,P.S. 399 STANLEY EUGENE CLARK
K,17,408,ACADEMY OF  HOSPITALITY AND TOURISM
K,17,484,RONALD EDMONDS LEARNING CENTER II
K,17,489,W.E.B. DUBOIS ACADEMIC HIGH SCHOOL
K,17,524,INTERNATIONAL HIGH SCHOOL AT PROSPECT HEIGHTS
K,17,528,"HIGH SCHOOL FOR GLOBAL CITIZENSHIP, THE"
K,17,531,SCHOOL FOR HUMAN RIGHTS THE
K,17,533,SCHOOL FOR DEMOCRACY AND  LEADERSHIP
K,17,537,HIGH SCHOOL FOR YOUTH AND COMMUNITY DEVELOPMENT AT
K,17,539,HIGH SCHOOL FOR SERVICE & LEARNING AT ERASMUS
K,17,543,SCIENCE TECHNOLOGY AND RESEARCH EARLY CO
K,17,544,INTERNATIONAL ARTS BUSINESS SCHOOL
K,17,546,HIGH SCHOOL FOR PUBLIC SERVICE: HEROES  OF TOMORRO
K,17,547,BROOKLYN ACADEMY OF SCIENCE AND THE  ENVIRONMENT
K,17,548,BROOKLYN SCHOOL FOR MUSIC & THEATRE
K,17,568,BROWNSVILLE ACADEMY HIGH SCHOOL
K,17,587,MIDDLE SCHOOL FOR THE ARTS
K,17,590,MEDGAR EVERS COLLEGE PREPARATORY SCHOOL
K,17,600,CLARA BARTON HIGH SCHOOL
K,17,625,PAUL ROBESON HIGH SCHOOL
K,18,066,P.S. 66
K,18,068,I.S. 068 ISAAC BILDERSEE
K,18,114,P.S. 114 RYDER ELEMENTARY
K,18,115,P.S. 115 DANIEL MUCATEL SCHOOL
K,18,135,P.S. 135 SHELDON A. BROOKNER
K,18,208,P.S. 208 ELSA EBELING
K,18,211,I.S. 211 JOHN WILSON
K,18,219,P.S. 219 KENNEDY-KING
K,18,233,P.S. 233 LANGSTON HUGHES
K,18,235,P.S. 235 LENOX
K,18,244,P.S. 244 RICHARD R. GREEN
K,18,268,P.S. 268 EMMA LAZARUS
K,18,272,P.S. 272 CURTIS ESTABROOK
K,18,276,P.S. 276 LOUIS MARSHALL
K,18,279,P.S. 279 HERMAN SCHREIBER
K,18,285,I.S. 285 MEYER LEVIN
K,18,366,THE SCIENCE AND MEDICINE MIDDLE SCHOOL
K,18,415,SAMUEL J. TILDEN HIGH SCHOOL
K,18,500,CANARSIE HIGH SCHOOL
K,18,515,SOUTH SHORE HIGH SCHOOL
K,18,563,IT TAKES A VILLAGE ACADEMY
K,18,566,BROOKLYN GENERATION SCHOOL
K,18,567,BROOKLYN THEATRE ARTS HIGH SCHOOL
K,18,569,KURT HAHN EXPEDITIONARY LEARNING SCHOOL
K,18,576,VICTORY COLLEGIATE HIGH SCHOOL
K,18,578,BROOKLYN BRIDGE ACADEMY
K,18,581,EAST FLATBUSH COMMUNITY RESEARCH SCHOOL
K,18,588,MIDDLE SCHOOL FOR ART AND PHILOSOPHY
K,18,589,ARTS & MEDIA PREPARATORY ACADEMY
K,18,598,MIDDLE SCHOOL OF MARKETING AND LEGAL STU
K,18,617,HIGH SCHOOL FOR INNOVATION IN ADVERTISING AND MEDIA
K,18,629,CULTURAL ACADEMY FOR THE ARTS AND SCIENCES
K,18,633,HIGH SCHOOL FOR MEDICAL PROFESSIONS
K,18,635,OLYMPUS ACADEMY
K,18,637,ACADEMY FOR CONSERVATION AND THE ENVIRONMENT
K,18,642,URBAN ACTION ACADEMY
K,18,673,EAST BROOKLYN COMMUNITY HIGH SCHOOL
K,19,007,P.S. 007 ABRAHAM LINCOLN
K,19,013,P.S. 013 ROBERTO CLEMENTE
K,19,065,P.S. 065 - THE LITTLE RED SCHOOL HOUSE
K,19,072,P.S. 072 ANNETTE P GOLDMAN
K,19,089,P.S. 089 CYPRESS HILLS
K,19,108,P.S. 108 SAL ABBRACCIAMENTO
K,19,149,P.S. 149 DANNY KAYE
K,19,158,P.S. 158 WARWICK
K,19,159,P.S. 159 ISAAC PITKIN
K,19,166,J.H.S. 166 GEORGE GERSHWIN
K,19,171,I.S. 171 ABRAHAM LINCOLN
K,19,174,P.S. 174 DUMONT
K,19,190,P.S. 190 SHEFFIELD
K,19,202,P.S. 202 ERNEST S. JENKYNS
K,19,213,P.S. 213 NEW LOTS
K,19,214,P.S. 214 MICHAEL FRIEDSAM
K,19,218,J.H.S. 218 JAMES P. SINNOTT
K,19,224,P.S. 224 HALE A. WOODRUFF
K,19,260,P.S. 260 BREUCKELEN
K,19,273,P.S. 273 WORTMAN
K,19,290,P.S. 290 JUAN MOREL CAMPOS
K,19,292,J.H.S. 292 MARGARET S. DOUGLAS
K,19,302,J.H.S. 302 RAFAEL CORDERO
K,19,306,P.S. 306 ETHAN ALLEN
K,19,311,ESSENCE SCHOOL
K,19,328,P.S. 328 PHYLLIS WHEATLEY
K,19,345,P.S. 345 PATROLMAN ROBERT BOLDEN
K,19,346,P.S. 346 ABE STARK
K,19,364,I.S. 364 GATEWAY
K,19,409,EAST NEW YORK FAMILY ACADEMY
K,19,420,FRANKLIN K. LANE HIGH SCHOOL
K,19,452,FREDERICK DOUGLASS ACADEMY VIII MIDDLE S
K,19,502,FDNY HIGH SCHOOL FOR FIRE AND LIFE SAFETY
K,19,504,HIGH SCHOOL FOR CIVIL RIGHTS
K,19,507,PERFORMING ARTS AND TECHNOLOGY HIGH SCHOOL
K,19,510,WORLD ACADEMY FOR TOTAL COMMUNITY HEALTH HIGH SCHO
K,19,583,MULTICULTURAL HIGH SCHOOL
K,19,615,TRANSIT TECH CAREER AND TECHNICAL EDUCATION HIGH S
K,19,618,ACADEMY OF INNOVATIVE TECHNOLOGY
K,19,639,BROOKLYN LAB SCHOOL
K,19,659,CYPRESS HILLS COLLEGIATE PREPARATORY SCHOOL
K,19,660,W. H. MAXWELL CAREER AND TECHNICAL EDUCATION HIGH
K,19,677,EAST NEW YORK ELEMENTARY SCHOOL OF EXCELLENCE
K,19,678,EAST NEW YORK MIDDLE SCHOOL OF EXCELLENCE
K,19,683,"THE SCHOOL FOR CLASSICS: AN ACADEMY OF THINKERS, WRITERS AND PERFORMERS"
K,20,030,I.S. 30 MARY WHITE OVINGTON
K,20,048,P.S. 048 MAPLETON
K,20,062,J.H.S. 062 DITMAS
K,20,069,P.S. 69 VINCENT D. GRIPPO SCHOOL
K,20,102,P.S. 102 THE BAYVIEW
K,20,104,P.S./I.S. 104 THE FORT HAMILTON SCHOOL
K,20,105,P.S. 105 THE BLYTHEBOURNE
K,20,112,P.S. 112 LEFFERTS PARK
K,20,127,P.S. 127 MCKINLEY PARK
K,20,160,P.S. 160 WILLIAM T. SAMPSON
K,20,163,P.S. 163 BATH BEACH
K,20,164,P.S. 164 CAESAR RODNEY
K,20,170,P.S. 170 LEXINGTON
K,20,176,P.S. 176 OVINGTON
K,20,179,P.S. 179 KENSINGTON
K,20,180,P.S. 180 HOMEWOOD
K,20,185,P.S. 185 WALTER KASSENBROCK
K,20,186,P.S. 186 DR. IRVING A GLADSTONE
K,20,187,I.S. 187
K,20,192,P.S. 192 BROOKLYN
K,20,200,P.S. 200 BENSON SCHOOL
K,20,201,J.H.S. 201 THE DYKER HEIGHTS
K,20,204,P.S. 204 VINCE LOMBARDI
K,20,205,P.S. 205 CLARION
K,20,220,J.H.S. 220 JOHN J. PERSHING
K,20,223,J.H.S. 223 THE MONTAUK
K,20,227,J.H.S. 227 EDWARD B. SHALLOW
K,20,229,P.S. 229 DYKER
K,20,247,P.S. 247 BROOKLYN
K,20,259,J.H.S. 259 WILLIAM MCKINLEY
K,20,445,NEW UTRECHT HIGH SCHOOL
K,20,485,HIGH SCHOOL OF  TELECOMMUNICATION ARTS AND TECHNOL
K,20,490,FORT HAMILTON HIGH SCHOOL
K,20,503,NEW SCHOOL @ K314
K,20,505,FRANKLIN DELANO ROOSEVELT HIGH SCHOOL
K,20,506,P.S. 506: SCHOOL OF JOURNALISM & TECHNOL
K,20,609,URBAN ASSEMBLY SCHOOL FOR CRIMINAL JUSTI
K,20,682,THE ACADEMY OF TALENTED SCHOLARS
K,20,686,BROOKLYN SCHOOL OF INQUIRY
K,21,090,P.S. 90 EDNA COHEN SCHOOL
K,21,095,P.S. 095 THE GRAVESEND
K,21,096,I.S. 096 SETH LOW
K,21,097,P.S. 97 THE HIGHLAWN
K,21,098,I.S. 98 BAY ACADEMY
K,21,099,P.S. 099 ISAAC ASIMOV
K,21,100,P.S. 100 THE CONEY ISLAND SCHOOL
K,21,101,P.S. 101 THE VERRAZANO
K,21,121,P.S. 121 NELSON A. ROCKEFELLER
K,21,128,P.S. 128 BENSONHURST
K,21,153,P.S. 153 HOMECREST
K,21,177,P.S. 177 THE MARLBORO
K,21,188,P.S. 188 MICHAEL E. BERDY
K,21,199,P.S. 199 FREDERICK WACHTEL
K,21,209,P.S. 209 MARGARET MEAD
K,21,212,P.S. 212 LADY DEBORAH MOODY
K,21,215,P.S.  215  MORRIS H.  WEISS
K,21,216,P.S. 216 ARTURO TOSCANINI
K,21,225,P.S. K225 - THE EILEEN E. ZAGLIN
K,21,226,P.S. 226 ALFRED DE B.MASON
K,21,228,I.S. 228 DAVID A. BOODY
K,21,238,P.S. 238 ANNE SULLIVAN
K,21,239,MARK TWAIN I.S. 239 FOR THE GIFTED & TAL
K,21,253,P.S. 253
K,21,281,I.S. 281 JOSEPH B CAVALLARO
K,21,288,P.S. 288 THE SHIRLEY TANYHILL
K,21,303,I.S. 303 HERBERT S. EISENBERG
K,21,329,P.S. 329 SURFSIDE
K,21,337,INTERNATIONAL HIGH SCHOOL
K,21,344,RACHEL CARSON HIGH SCHOOL FOR COASTAL STUDIES
K,21,348,HIGH SCHOOL OF SPORTS MANAGEMENT
K,21,400,LAFAYETTE HIGH SCHOOL
K,21,410,ABRAHAM LINCOLN HIGH SCHOOL
K,21,468,KINGSBOROUGH EARLY COLLEGE SCHOOL
K,21,525,EDWARD R. MURROW HIGH SCHOOL
K,21,540,JOHN DEWEY HIGH SCHOOL
K,21,559,LIFE ACADEMY HIGH SCHOOL FOR FILM AND MUSIC
K,21,572,EXPEDITIONARY LEARNING SCHOOL FOR COMMUN
K,21,620,WILLIAM E. GRADY CAREER AND TECHNICAL EDUCATION HI
K,21,690,BROOKLYN STUDIO SECONDARY SCHOOL
K,21,728,LIBERATION DIPLOMA PLUS
K,22,014,J.H.S. 014 SHELL BANK
K,22,052,P.S. 052 SHEEPSHEAD BAY
K,22,078,J.H.S. 078 ROY H. MANN
K,22,109,P.S. 109
K,22,119,P.S. 119 AMERSFORT
K,22,134,P.S. K134
K,22,139,P.S. 139 ALEXINE A. FENTY
K,22,152,SCHOOL OF SCIENCE & TECHNOLOGY
K,22,193,P.S. 193 GIL HODGES
K,22,194,P.S. 194 RAOUL WALLENBERG
K,22,195,P.S. 195 MANHATTAN BEACH
K,22,197,P.S. 197 BROOKLYN
K,22,198,P.S. 198 BROOKLYN
K,22,203,P.S. 203 FLOYD BENNETT
K,22,206,P.S. 206 JOSEPH F LAMB
K,22,207,P.S. 207 ELIZABETH G. LEARY
K,22,217,P.S. 217 COLONEL DAVID MARCUS SCHOOL
K,22,222,P.S. 222 KATHERINE R. SNYDER
K,22,234,J.H.S. 234 ARTHUR W. CUNNINGHAM
K,22,236,P.S. 236 MILL BASIN
K,22,240,ANDRIES HUDDE
K,22,245,P.S. 245
K,22,251,P.S. 251 PAEDERGAT
K,22,254,P.S. 254 DAG HAMMARSKJOLD
K,22,255,P.S. 255 BARBARA REING SCHOOL
K,22,269,P.S. 269 NOSTRAND
K,22,277,P.S. 277 GERRITSEN BEACH
K,22,278,J.H.S. 278 MARINE PARK
K,22,312,P.S. 312 BERGEN BEACH
K,22,315,P.S. K315
K,22,326,P.S. 326
K,22,361,P.S. 361
K,22,381,I. S. 381
K,22,405,MIDWOOD HIGH SCHOOL
K,22,425,JAMES MADISON HIGH SCHOOL
K,22,495,SHEEPSHEAD BAY HIGH SCHOOL
K,22,535,LEON M. GOLDSTEIN HIGH SCHOOL FOR THE SCIENCES
K,22,555,BROOKLYN COLLEGE ACADEMY
K,23,041,P.S. 041 FRANCIS WHITE
K,23,073,P.S. 073 THOMAS S. BOYLAND
K,23,137,P.S. 137 RACHEL JEAN MITCHELL
K,23,150,P.S. 150 CHRISTOPHER
K,23,155,P.S. 155 NICHOLAS HERKIMER
K,23,156,P.S. 156 WAVERLY
K,23,165,P.S. 165 IDA POSNER
K,23,178,P.S. 178 SAINT CLAIR MCKELWAY
K,23,184,P.S. 184 NEWPORT
K,23,284,P.S. 284 LEW WALLACE
K,23,298,P.S. 298 DR. BETTY SHABAZZ
K,23,323,P.S./I.S. 323
K,23,327,P.S. 327 DR. ROSE B. ENGLISH
K,23,332,P.S. 332 CHARLES H. HOUSTON
K,23,392,I.S. 392
K,23,493,BROOKLYN COLLEGIATE: A COLLEGE BOARD SCH
K,23,514,FREDERICK DOUGLASS ACADEMY VII HIGH SCHOOL
K,23,518,KAPPA V
K,23,522,MOTT HALL IV
K,23,631,GENERAL D. CHAPPIE JAMES ELEMENTARY SCHOOL OF SCIENCE
K,23,634,GENERAL D. CHAPPIE JAMES MIDDLE SCHOOL OF SCIENCE
K,23,643,Brooklyn Democracy Academy
K,23,644,THE EAGLE ACADEMY FOR YOUNG MEN AT OCEAN HILL
K,23,645,EBC/ENY HIGH SCHOOL FOR PUBLIC SAFETY & LAW
K,23,646,ASPIRATIONS DIPLOMA PLUS
K,23,647,METROPOLITAN DIPLOMA PLUS
K,23,697,TEACHERS PREPARATORY HIGH SCHOOL
Q,24,005,I.S. 5 - THE WALTER CROWLEY INTERMEDIATE
Q,24,007,P.S. 007 LOUIS F. SIMEONE
Q,24,012,P.S. 012 JAMES B. COLGATE
Q,24,013,P.S. 013 CLEMENT C. MOORE
Q,24,014,P.S. 014 FAIRVIEW
Q,24,016,P.S. Q016
Q,24,019,P.S. 019 MARINO JEANTET
Q,24,028,P.S. 28 - THE THOMAS EMANUEL EARLY CHILD
Q,24,049,P.S. 049 DOROTHY BONAWIT KOLE
Q,24,058,P.S. 58 - SCHOOL OF HEROES
Q,24,061,I.S. 061 LEONARDO DA VINCI
Q,24,068,P.S. 068 CAMBRIDGE
Q,24,071,P.S. 071 FOREST
Q,24,073,I.S. 73 - THE FRANK SANSIVIERI INTERMEDI
Q,24,077,I.S. 077
Q,24,081,P.S. 081 JEAN PAUL RICHTER
Q,24,087,P.S. 087 MIDDLE VILLAGE
Q,24,088,P.S. 088 SENECA
Q,24,089,P.S. 089 ELMHURST
Q,24,091,P.S. 091 RICHARD ARKWRIGHT
Q,24,093,I.S. 093 RIDGEWOOD
Q,24,102,P.S. 102 BAYVIEW
Q,24,113,P.S. 113 ISAAC CHAUNCEY
Q,24,119,I.S. 119 THE GLENDALE
Q,24,125,I.S. 125 THOM J. MCCANN WOODSIDE
Q,24,128,P.S. 128 JUNIPER VALLEY
Q,24,143,P.S. 143 LOUIS ARMSTRONG
Q,24,153,P.S. 153 MASPETH ELEM
Q,24,199,P.S. 199 MAURICE A. FITZGERALD
Q,24,229,P.S. 229 EMANUEL KAPLAN
Q,24,239,P.S. 239
Q,24,264,ACADEMY OF FINANCE AND  ENTERPRISE
Q,24,267,HIGH SCHOOL OF APPLIED COMMUNICATION
Q,24,293,CIVIC LEADERSHIP ACADEMY
Q,24,296,PAN AMERICAN INTERNATIONAL HIGH SCHOOL
Q,24,299,BARD HIGH SCHOOL EARLY COLLEGE II
Q,24,305,LEARNERS AND LEADERS
Q,24,307,PIONEER ACADEMY
Q,24,455,NEWTOWN HIGH SCHOOL
Q,24,485,GROVER CLEVELAND HIGH SCHOOL
Q,24,520,MIDDLE COLLEGE HIGH SCHOOL AT LAGUARDIA COMMUNITY COLLEGE
Q,24,530,INTERNATIONAL HIGH SCHOOL AT LAGUARDIA COMMUNITY C
Q,24,550,HIGH SCHOOL FOR ARTS AND BUSINESS
Q,24,560,ROBERT F. WAGNER JR. SECONDARY SCHOOL FO
Q,24,600,QUEENS VOCATIONAL AND TECHNICAL HIGH SCHOOL
Q,24,610,AVIATION CAREER & TECHNICAL EDUCATION HIGH SCHOOL
Q,24,877,51 AVENUE ACADEMY (THE PATH TO ACADEMIC 
Q,25,020,P.S. 020 JOHN BOWNE
Q,25,021,P.S. 021 EDWARD HART
Q,25,022,P.S. 022 THOMAS JEFFERSON
Q,25,024,P.S. 024 ANDREW JACKSON
Q,25,025,I.S. 025 ADRIEN BLOCK
Q,25,029,P.S. 029 QUEENS
Q,25,032,P.S. 032 STATE STREET
Q,25,079,P.S. 079 FRANCIS LEWIS
Q,25,107,P.S. 107 THOMAS A DOOLEY
Q,25,120,P.S. 120 QUEENS
Q,25,129,P.S. 129 PATRICIA LARKIN
Q,25,130,P.S. 130
Q,25,154,P.S. 154 QUEENS
Q,25,163,P.S. 163 FLUSHING HEIGHTS
Q,25,164,P.S. 164 QUEENS VALLEY
Q,25,165,P.S. 165 EDITH K. BERGTRAUM
Q,25,169,P.S. 169 BAY TERRACE
Q,25,184,P.S. 184 FLUSHING MANOR
Q,25,185,J.H.S. 185 EDWARD BLEEKER
Q,25,189,J.H.S. 189 DANIEL CARTER BEARD
Q,25,193,P.S. 193 ALFRED J. KENNEDY
Q,25,194,J.H.S. 194 WILLIAM CARR
Q,25,200,P.S. 200 POMONOK
Q,25,201,P.S. 201 KISSENA
Q,25,209,P.S. 209 CLEARVIEW GARDENS
Q,25,214,P.S. 214 CADWALLADER COLDEN
Q,25,219,P.S. 219 PAUL KLAPPER
Q,25,237,I.S. 237
Q,25,242,P.S. 242 LEONARD P. STAVISKY EARLY CHILD
Q,25,244,THE ACTIVE LEARNING ELEMENTARY SCHOOL
Q,25,250,I.S. 250 THE ROBERT F. KENNEDY COMMUNITY
Q,25,252,QUEENS SCHOOL OF INQUIRY THE
Q,25,263,FLUSHING INTERNATIONAL HIGH SCHOOL
Q,25,281,EAST-WEST SCHOOL OF INTERNATIONAL STUDIE
Q,25,285,WORLD JOURNALISM PREPARATORY: A COLLEGE 
Q,25,294,BELL ACADEMY
Q,25,425,JOHN BOWNE HIGH SCHOOL
Q,25,460,FLUSHING HIGH SCHOOL
Q,25,499,THE QUEENS COLLEGE SCHOOL FOR MATH SCIEN
Q,25,525,TOWNSEND HARRIS HIGH SCHOOL
Q,25,540,QUEENS ACADEMY HIGH SCHOOL
Q,25,670,ROBERT F. KENNEDY COMMUNITY HIGH SCHOOL
Q,25,792,North Queens Community High School
Q,26,018,P.S. 018 WINCHESTER
Q,26,026,P.S. 026 RUFUS KING
Q,26,031,P.S. 031 BAYSIDE
Q,26,041,P.S. 041 CROCHERON
Q,26,046,P.S. 046 ALLEY POND
Q,26,067,J.H.S. 067 LOUIS PASTEUR
Q,26,074,J.H.S. 074 NATHANIEL HAWTHORNE
Q,26,094,P.S. 094 DAVID D. PORTER
Q,26,098,P.S. 098 THE DOUGLASTON SCHOOL
Q,26,115,P.S. 115 GLEN OAKS
Q,26,133,P.S. 133 QUEENS
Q,26,158,M.S. 158 MARIE CURIE
Q,26,159,P.S. 159
Q,26,162,P.S. 162 JOHN GOLDEN
Q,26,172,IRWIN ALTMAN MIDDLE SCHOOL 172
Q,26,173,P.S. 173 FRESH MEADOWS
Q,26,178,P.S. 178 HOLLISWOOD
Q,26,186,P.S. 186 CASTLEWOOD
Q,26,188,P.S. 188 KINGSBURY
Q,26,191,P.S. 191 MAYFLOWER
Q,26,203,P.S. 203 OAKLAND GARDENS
Q,26,205,P.S. 205 ALEXANDER GRAHAM BELL
Q,26,213,P.S. 213 THE CARL ULLMAN SCHOOL
Q,26,216,J.H.S. 216 GEORGE J. RYAN
Q,26,221,P.S. 221 NORTH HILLS
Q,26,266,P.S. / I.S. 266
Q,26,415,BENJAMIN N. CARDOZO HIGH SCHOOL
Q,26,430,FRANCIS LEWIS HIGH SCHOOL
Q,26,435,MARTIN VAN BUREN HIGH SCHOOL
Q,26,495,BAYSIDE HIGH SCHOOL
Q,26,566,"QUEENS HIGH SCHOOL OF TEACHING, LIBERAL ARTS AND T"
Q,27,042,P.S. 042 R. VERNAM
Q,27,043,P.S. 043
Q,27,045,P.S. 045 CLARENCE WITHERSPOON
Q,27,047,P.S. 047 CHRIS GALAS
Q,27,051,P.S. 051
Q,27,053,I.S. 053 BRIAN PICCOLO
Q,27,056,P.S. 056 HARRY EICHLER
Q,27,060,P.S. 060 WOODHAVEN
Q,27,062,P.S. 062 CHESTER PARK
Q,27,063,P.S. 063 OLD SOUTH
Q,27,064,P.S. 064 JOSEPH P. ADDABBO
Q,27,065,P.S. 65
Q,27,066,P.S. 066 JACQUELINE KENNEDY ONASSIS
Q,27,090,P.S. 090 HORACE MANN
Q,27,096,P.S. 096
Q,27,097,P.S. 097 FOREST PARK
Q,27,100,P.S. 100 GLEN MORRIS
Q,27,104,P.S. 104 THE BAYS WATER
Q,27,105,P.S. 105 THE BAY SCHOOL
Q,27,106,P.S. 106
Q,27,108,P.S. 108 CAPTAIN VINCENT G. FOWLER
Q,27,114,P.S. / M.S. 114 BELLE HARBOR
Q,27,123,P.S. 123
Q,27,124,P.S. 124 OSMOND A CHURCH
Q,27,137,M.S. 137 AMERICA'S SCHOOL OF HEROES
Q,27,146,P.S. 146 HOWARD BEACH
Q,27,155,P.S. 155
Q,27,183,P.S. 183 DR. RICHARD R. GREEN
Q,27,197,P.S. 197 THE OCEAN SCHOOL
Q,27,202,J.H.S. 202 ROBERT H. GODDARD
Q,27,207,P.S. 207 ROCKWOOD PARK
Q,27,210,J.H.S. 210 ELIZABETH BLACKWELL
Q,27,215,P.S. 215 LUCRETIA MOTT
Q,27,223,P.S. 223 LYNDON B. JOHNSON
Q,27,225,P.S. 225 SEASIDE
Q,27,226,J.H.S. 226 VIRGIL I. GRISSOM
Q,27,232,P.S. 232 LINDENWOOD
Q,27,253,P.S. 253
Q,27,254,P.S. 254
Q,27,260,FREDERICK DOUGLASS ACADEMY VI HIGH SCHOOL
Q,27,262,CHANNEL VIEW SCHOOL FOR RESEARCH
Q,27,282,KNOWLEDGE AND POWER PREPARATORY ACADEMY 
Q,27,302,"QUEENS HIGH SCHOOL FOR INFORMATION, RESEARCH AND TECHNOLOGY"
Q,27,306,NEW YORK CITY ACADEMY FOR DISCOVERY
Q,27,308,ROBERT H. GODDARD HIGH SCHOOL OF COMMUNICATION ARTS AND TECHNOLOGY
Q,27,309,ACADEMY OF MEDICAL TECHNOLOGY: A COLLEGE BOARD SCHOOL
Q,27,317,WATERSIDE CHILDREN'S STUDIO SCHOOL
Q,27,318,WATERSIDE SCHOOL FOR LEADERSHIP
Q,27,319,VILLAGE ACADEMY
Q,27,323,SCHOLARS' ACADEMY
Q,27,333,GOLDIE MAPLE ACADEMY
Q,27,400,AUGUST MARTIN HIGH SCHOOL
Q,27,410,BEACH CHANNEL HIGH SCHOOL
Q,27,465,FAR ROCKAWAY HIGH SCHOOL
Q,27,475,RICHMOND HILL HIGH SCHOOL
Q,27,480,JOHN ADAMS HIGH SCHOOL
Q,27,650,"HIGH SCHOOL FOR CONSTRUCTION TRADES, ENGINEERING A"
Q,28,008,J.H.S. 008 RICHARD S. GROSSLEY
Q,28,030,P.S. 030 QUEENS
Q,28,040,P.S. 040 SAMUEL HUNTINGTON
Q,28,048,P.S. 048 WILLIAM WORDSWORTH
Q,28,050,P.S. 050 TALFOURD LAWN ELEMENTARY SCHOOL
Q,28,054,P.S. 054 HILLSIDE
Q,28,055,P.S. 055 MAURE
Q,28,072,M.S. Q072 CATHERINE & COUNT BASIE MIDDLE
Q,28,080,P.S. 080 THURGOOD MARSHALL MAGNET
Q,28,082,P.S. 082 HAMMOND
Q,28,086,P.S. Q086
Q,28,099,P.S. 099 KEW GARDENS
Q,28,101,P.S. 101 SCHOOL IN THE GARDENS
Q,28,117,P.S. 117 J. KELD / BRIARWOOD SCHOOL
Q,28,121,P.S. 121 QUEENS
Q,28,139,P.S. 139 REGO PARK
Q,28,140,P.S. 140 EDWARD K ELLINGTON
Q,28,144,P.S. 144 COL JEROMUS REMSEN
Q,28,157,J.H.S. 157 STEPHEN A. HALSEY
Q,28,160,P.S. 160 WALTER FRANCIS BISHOP
Q,28,161,P.S. 161 ARTHUR ASHE SCHOOL
Q,28,174,P.S. 174 WILLIAM SIDNEY MOUNT
Q,28,175,P.S. 175 THE LYNN GROSS DISCOVERY SCHOOL
Q,28,182,P.S. 182 SAMANTHA SMITH
Q,28,190,J.H.S. 190 RUSSELL SAGE
Q,28,196,P.S. 196 GRAND CENTRAL PARKWAY
Q,28,206,P.S. 206 HORACE HARDING
Q,28,217,J.H.S. 217 ROBERT A. VAN WYCK
Q,28,220,P.S. 220 EDWARD MANDEL
Q,28,284,YORK EARLY COLLEGE ACADEMY
Q,28,303,ACADEMY FOR EXCELLENCE THROUGH THE ARTS
Q,28,310,QUEENS COLLEGIATE: A COLLEGE BOARD SCHOOL
Q,28,440,FOREST HILLS HIGH SCHOOL
Q,28,470,JAMAICA HIGH SCHOOL
Q,28,505,HILLCREST HIGH SCHOOL
Q,28,620,THOMAS A. EDISON CAREER AND TECHNICAL EDUCATION HI
Q,28,680,QUEENS GATEWAY TO HEALTH SCIENCES SECOND
Q,28,687,QUEENS HIGH SCHOOL FOR THE SCIENCES AT  YORK COLLE
Q,28,690,HIGH SCHOOL FOR LAW ENFORCEMENT AND PUBLIC SAFETY
Q,28,896,YOUNG  WOMEN'S LEADERSHIP SCHOOL QUEENS
Q,29,015,P.S. 015 JACKIE ROBINSON
Q,29,033,P.S. 033 EDWARD M. FUNK
Q,29,034,P.S. 034 JOHN HARVARD
Q,29,035,P.S. 035 NATHANIEL WOODHULL
Q,29,036,P.S. 036 SAINT ALBANS SCHOOL
Q,29,037,CYNTHIA JENKINS SCHOOL
Q,29,038,P.S. 038 ROSEDALE
Q,29,052,P.S. 052 QUEENS
Q,29,059,I.S. 059 SPRINGFIELD GARDENS
Q,29,095,P.S. 095 EASTWOOD
Q,29,109,JEAN NUZZI INTERMEDIATE SCHOOL
Q,29,116,P.S. 116 WILLIAM C. HUGHLEY
Q,29,118,P.S. 118 LORRAINE HANSBERRY
Q,29,131,P.S. 131 ABIGAIL ADAMS
Q,29,132,P.S. 132 RALPH BUNCHE
Q,29,134,P.S. 134 HOLLIS
Q,29,135,THE BELLAIRE SCHOOL
Q,29,136,P.S. 136 ROY WILKINS
Q,29,138,P.S. 138 SUNRISE
Q,29,147,P.S. 147 RONALD MCNAIR
Q,29,156,P.S. 156 LAURELTON
Q,29,176,P.S. 176 CAMBRIA HEIGHTS
Q,29,181,P.S. 181 BROOKFIELD
Q,29,192,I.S. 192 THE LINDEN
Q,29,195,P.S. 195 WILLIAM HABERLE
Q,29,208,P.S. / I.S. 208
Q,29,231,I.S. 231 MAGNETECH 2000
Q,29,238,I.S. 238 SUSAN B ANTHONY
Q,29,248,QUEENS PREPARATORY ACADEMY
Q,29,251,P.S. 251 QUEENS
Q,29,259,PATHWAYS COLLEGE PREPARATORY SCHOOL: A C
Q,29,265,EXCELSIOR PREPARATORY HIGH SCHOOL
Q,29,268,P.S. 268
Q,29,270,P.S. / I.S. Q270
Q,29,272,GEORGE WASHINGTON CARVER HIGH SCHOOL FOR THE SCIEN
Q,29,283,PREPARATORY ACADEMY FOR WRITERS: A COLLE
Q,29,295,P.S./I.S. 295
Q,29,492,"MATHEMATICS, SCIENCE RESEARCH AND TECHNOLOGY MAGNE"
Q,29,494,"LAW, GOVERNMENT AND COMMUNITY SERVICE HIGH SCHOOL"
Q,29,496,"BUSINESS, COMPUTER APPLICATIONS AND ENTREPRENEURSH"
Q,29,498,HUMANITIES & ARTS MAGNET HIGH SCHOOL
Q,30,002,P.S. 002 ALFRED ZIMBERG
Q,30,010,I.S. 010 HORACE GREELEY
Q,30,011,P.S. 011 KATHRYN PHELAN
Q,30,017,P.S. 017 HENRY DAVID THOREAU
Q,30,069,P.S. 069 JACKSON HEIGHTS
Q,30,070,P.S. 070 QUEENS
Q,30,076,P.S. 076 WILLIAM HALLET
Q,30,078,P.S. 078
Q,30,084,P.S. 084 STEINWAY
Q,30,085,P.S. 085 JUDGE CHARLES VALLONE
Q,30,092,P.S. 092 HARRY T. STEWART SR.
Q,30,111,P.S. 111 JACOB BLACKWELL
Q,30,112,P.S. 112 DUTCH KILLS
Q,30,122,P.S. 122 MAMIE FAY
Q,30,126,ALBERT SHANKER SCHOOL FOR VISUAL AND PER
Q,30,127,P.S. 127 AEROSPACE SCIENCE MAGNE
Q,30,141,I.S. 141 THE STEINWAY
Q,30,145,I.S. 145 JOSEPH PULITZER
Q,30,148,P.S. 148 QUEENS
Q,30,149,P.S. 149 CHRISTA MCAULIFFE
Q,30,150,P.S. 150 QUEENS
Q,30,151,P.S. 151 MARY D. CARTER
Q,30,152,P.S. 152 GWENDOLYN ALLEYNE
Q,30,166,P.S. 166 HENRY GRADSTEIN
Q,30,171,P.S. 171 PETER G. VAN ALST
Q,30,204,I.S. 204 OLIVER W. HOLMES
Q,30,212,P.S. 212
Q,30,222,P.S. Q222 - FIRE FIGHTER CHRISTOPHER A. 
Q,30,227,I.S. 227 LOUIS ARMSTRONG
Q,30,228,P.S. 228 EARLY CHILDHOOD MAGNET SCHOOL O
Q,30,230,I.S. 230
Q,30,234,P.S. 234
Q,30,235,ACADEMY FOR NEW AMERICANS
Q,30,286,YOUNG WOMEN'S LEADERSHIP SCHOOL ASTORIA
Q,30,301,ACADEMY FOR CAREERS IN TELEVISION AND FILM
Q,30,445,WILLIAM CULLEN BRYANT HIGH SCHOOL
Q,30,450,LONG ISLAND CITY HIGH SCHOOL
Q,30,501,FRANK SINATRA SCHOOL OF THE ARTS HIGH SCHOOL
Q,30,502,INFORMATION TECHNOLOGY HIGH SCHOOL
Q,30,555,NEWCOMERS HIGH SCHOOL
Q,30,575,ACADEMY OF AMERICAN STUDIES
Q,30,580,BACCALAUREATE SCHOOL FOR GLOBAL EDUCATIO
R,31,001,P.S. 001 TOTTENVILLE
R,31,002,I.S. R002 GEORGE L. EGBERT
R,31,003,P.S. 003 THE MARGARET GIOIOSA SCHOOL
R,31,004,P.S. 004 MAURICE WOLLIN
R,31,005,P.S. 005 HUGUENOT
R,31,006,P.S. 6 CORPORAL ALLAN F. KIVLEHAN SCHOOL
R,31,007,I.S. 007 ELIAS BERNSTEIN
R,31,008,P.S. 8 SHIRLEE SOLOMON
R,31,011,P.S. 11 THOMAS DONGAN SCHOOL
R,31,013,P.S. 013 M. L. LINDENMEYER
R,31,014,P.S. 014 CORNELIUS VANDERBILT
R,31,016,P.S. 016 JOHN J. DRISCOLL
R,31,018,P.S. 018 JOHN G. WHITTIER
R,31,019,P.S. 019 THE CURTIS SCHOOL
R,31,020,P.S. 020 PORT RICHMOND
R,31,021,P.S. 21 MARGARET EMERY-ELM PARK
R,31,022,P.S. 022 GRANITEVILLE
R,31,023,P.S. 023 RICHMONDTOWN
R,31,024,I.S. 024 MYRA S. BARNES
R,31,026,P.S. 026 THE CARTERET SCHOOL
R,31,027,I.S. 027 ANNING S. PRALL
R,31,029,P.S. 029 BARDWELL
R,31,030,P.S. 030 WESTERLEIGH
R,31,031,P.S. 031 WILLIAM T. DAVIS
R,31,032,P.S. 032 THE GIFFORD SCHOOL
R,31,034,I.S. 034 TOTTENVILLE
R,31,035,P.S. 35 THE CLOVE VALLEY SCHOOL
R,31,036,P.S. 036 J. C. DRUMGOOLE
R,31,038,P.S. 038 GEORGE CROMWELL
R,31,039,P.S. 39 FRANCIS J. MURPHY JR.
R,31,041,P.S. 041 NEW DORP
R,31,042,P.S. 042 ELTINGVILLE
R,31,044,P.S. 044 THOMAS C. BROWN
R,31,045,P.S. 045 JOHN TYLER
R,31,046,P.S. 046 ALBERT V. MANISCALCO
R,31,047,CSI HIGH SCHOOL FOR INTERNATIONAL STUDIES
R,31,048,P.S. 048 WILLIAM C. WILCOX
R,31,049,I.S. 49 BERTA A. DREYFUS
R,31,050,P.S. 050 FRANK HANKINSON
R,31,051,I.S. 051 EDWIN MARKHAM
R,31,052,P.S. 052 JOHN C. THOMPSON
R,31,053,P.S. 053 BAY TERRACE
R,31,054,P.S. 054 CHARLES W. LENG
R,31,055,P.S. 055 HENRY M. BOEHM
R,31,056,P.S. 56 THE LOUIS DESARIO SCHOOL
R,31,057,P.S. 057 HUBERT H. HUMPHREY
R,31,058,SPACE SHUTTLE COLUMBIA SCHOOL
R,31,060,P.S. 060 ALICE AUSTEN
R,31,061,I.S. 061 WILLIAM A MORRIS
R,31,063,MARSH AVENUE EXPEDITIONARY LEARNING SCHOOL
R,31,064,GAYNOR MCCOWN EXPEDITIONARY LEARNING SCHOOL
R,31,065,ACADEMY OF INNOVATIVE LEARNING
R,31,069,P.S. 069 DANIEL D. TOMPKINS
R,31,072,I.S. 072 ROCCO LAURIE
R,31,075,I.S. 075 FRANK D. PAULO
R,31,080,THE MICHAEL J. PETRIDES HIGH SCHOOL
R,31,440,NEW DORP HIGH SCHOOL
R,31,445,PORT RICHMOND HIGH SCHOOL
R,31,450,CURTIS HIGH SCHOOL
R,31,455,TOTTENVILLE HIGH SCHOOL
R,31,460,SUSAN E. WAGNER HIGH SCHOOL
R,31,470,CONCORD HIGH SCHOOL
R,31,600,RALPH R. MCKEE CAREER AND TECHNICAL EDUCATION HIGH
R,31,605,STATEN ISLAND TECHNICAL HIGH SCHOOL
R,31,861,Staten Island School of Civic Leadership
K,32,045,P.S. 045 HORACE E. GREENE
K,32,075,P.S. 075 MAYDA CORTIELLA
K,32,086,P.S. 086 THE IRVINGTON
K,32,106,P.S. 106 EDWARD EVERETT HALE
K,32,116,P.S. 116 ELIZABETH L FARRELL
K,32,123,P.S. 123 SUYDAM
K,32,145,P.S. 145 ANDREW JACKSON
K,32,151,P.S. 151 LYNDON B. JOHNSON
K,32,162,J.H.S. 162 THE WILLOUGHBY
K,32,274,P.S. 274 KOSCIUSKO
K,32,291,J.H.S. 291 ROLAND HAYES
K,32,296,J.H.S. 296 THE HALSEY
K,32,299,P.S. 299 THOMAS WARREN FIELD
K,32,347,I.S. 347 SCHOOL OF HUMANITIES
K,32,349,I.S. 349 MATH SCIENCE & TECH.
K,32,376,P.S. 376
K,32,377,P.S. 377 ALEJANDRINA B. DE GAUTIER
K,32,383,J.H.S. 383 PHILLIPPA SCHUYLER
K,32,384,P.S. 384 FRANCES E. CARTER
K,32,403,ACADEMY FOR ENVIRONMENTAL LEADERSHIP
K,32,545,EBC HIGH SCHOOL FOR PUBLIC SERVICEBUSHWICK
K,32,549,BUSHWICK SCHOOL FOR SOCIAL JUSTICE
K,32,551,NEW YORK HARBOR SCHOOL
K,32,552,ACADEMY OF URBAN PLANNING
K,32,554,ALL CITY LEADERSHIP SECONDARY SCHOOL
K,32,556,BUSHWICK LEADERS HIGH SCHOOL FOR ACADEMIC EXCELLEN
K,32,564,BUSHWICK COMMUNITY HIGH SCHOOL
